ID	event	date
P0	D	2023-01-11
P0	C	2023-01-11
P0	E	2023-01-15
P0	I	2023-01-22
P0	Q	2023-01-27
P0	C	2023-02-19
P0	Q	2023-02-23
P0	R	2023-03-17
P0	C	2023-03-28
P0	M	2023-05-01
P0	R	2023-05-10
P0	I	2023-06-01
P0	V	2023-06-02
P0	M	2023-06-05
P0	N	2023-06-14
P0	W	2023-06-18
P0	Z	2023-06-21
P0	F	2023-06-27
P0	C	2023-07-01
P0	N	2023-07-12
P0	G	2023-07-25
P0	X	2023-07-29
P0	C	2023-08-14
P0	H	2023-08-16
P0	J	2023-08-17
P0	B	2023-08-29
P0	G	2023-10-13
P0	D	2023-10-22
P0	P	2023-10-23
P0	F	2023-10-27
P0	Y	2023-11-02
P0	R	2023-11-06
P0	T	2023-12-11
P0	Q	2023-12-18
P0	O	2023-12-21
P0	Y	2023-12-27
P1	N	2023-01-22
P1	B	2023-03-02
P1	D	2023-03-03
P1	C	2023-03-28
P1	P	2023-03-30
P1	U	2023-04-04
P1	Y	2023-04-10
P1	M	2023-04-22
P1	E	2023-04-30
P1	Q	2023-05-22
P1	I	2023-05-24
P1	Q	2023-05-27
P1	H	2023-06-20
P1	B	2023-07-11
P1	I	2023-07-22
P1	D	2023-07-25
P1	I	2023-07-28
P1	B	2023-08-06
P1	K	2023-08-09
P1	P	2023-08-28
P1	A	2023-09-02
P1	E	2023-09-06
P1	M	2023-09-09
P1	U	2023-09-13
P1	L	2023-10-01
P1	C	2023-10-06
P1	K	2023-10-09
P1	C	2023-10-11
P1	U	2023-10-15
P1	L	2023-10-23
P1	D	2023-10-28
P1	J	2023-11-14
P1	N	2023-11-15
P1	H	2023-12-08
P1	N	2023-12-11
P1	I	2023-12-28
P1	M	2023-12-30
P1	L	2023-12-31
P2	R	2023-01-22
P2	U	2023-01-24
P2	Z	2023-02-09
P2	G	2023-03-17
P2	W	2023-04-03
P2	Q	2023-04-17
P2	Z	2023-04-22
P2	E	2023-05-12
P2	H	2023-05-21
P2	M	2023-06-05
P2	O	2023-06-23
P2	B	2023-07-06
P2	L	2023-07-20
P2	N	2023-07-29
P2	B	2023-08-30
P2	Y	2023-09-04
P2	K	2023-09-19
P2	L	2023-09-30
P2	V	2023-10-19
P2	J	2023-10-21
P2	K	2023-10-30
P2	R	2023-11-05
P2	I	2023-11-22
P2	Y	2023-12-03
P2	Z	2023-12-05
P2	Z	2023-12-29
P3	V	2023-01-22
P3	Y	2023-02-01
P3	S	2023-02-02
P3	E	2023-02-09
P3	Y	2023-03-17
P3	V	2023-03-22
P3	F	2023-03-26
P3	L	2023-04-26
P3	D	2023-05-05
P3	W	2023-05-05
P3	Q	2023-05-11
P3	W	2023-05-13
P3	Y	2023-05-19
P3	Y	2023-07-05
P3	F	2023-07-14
P3	Z	2023-07-14
P3	K	2023-08-14
P3	V	2023-09-14
P3	S	2023-10-05
P3	X	2023-11-09
P3	Y	2023-11-11
P3	K	2023-11-12
P3	F	2023-11-18
P3	F	2023-11-26
P3	G	2023-11-28
P4	T	2023-01-13
P4	T	2023-01-20
P4	D	2023-02-17
P4	W	2023-02-19
P4	A	2023-02-19
P4	U	2023-03-03
P4	K	2023-03-16
P4	S	2023-03-16
P4	L	2023-03-23
P4	U	2023-05-11
P4	V	2023-05-12
P4	P	2023-05-14
P4	Y	2023-05-30
P4	M	2023-06-11
P4	B	2023-06-16
P4	G	2023-07-15
P4	M	2023-07-29
P4	V	2023-08-25
P4	O	2023-08-26
P4	L	2023-09-05
P4	K	2023-09-13
P4	A	2023-09-28
P4	Q	2023-10-11
P4	I	2023-10-14
P4	P	2023-10-19
P4	D	2023-10-23
P4	C	2023-10-31
P4	G	2023-11-15
P4	T	2023-12-09
P4	K	2023-12-15
P4	J	2023-12-21
P4	A	2023-12-22
P4	D	2023-12-31
P5	H	2023-01-13
P5	Z	2023-01-14
P5	W	2023-03-09
P5	H	2023-04-10
P5	R	2023-04-27
P5	H	2023-05-02
P5	O	2023-05-03
P5	I	2023-05-25
P5	M	2023-06-13
P5	R	2023-06-13
P5	M	2023-06-20
P5	C	2023-07-17
P5	Q	2023-07-17
P5	R	2023-07-28
P5	M	2023-10-11
P5	M	2023-10-29
P5	C	2023-10-31
P5	X	2023-11-28
P5	R	2023-12-02
P5	T	2023-12-22
P6	K	2023-01-04
P6	T	2023-02-19
P6	N	2023-03-02
P6	L	2023-03-07
P6	K	2023-03-10
P6	D	2023-04-07
P6	G	2023-04-17
P6	Q	2023-05-08
P6	E	2023-05-16
P6	L	2023-05-17
P6	M	2023-05-24
P6	V	2023-05-25
P6	J	2023-06-02
P6	N	2023-06-22
P6	C	2023-07-03
P6	P	2023-07-11
P6	Z	2023-07-11
P6	P	2023-07-15
P6	V	2023-07-19
P6	C	2023-08-14
P6	C	2023-08-22
P6	C	2023-09-16
P6	I	2023-10-05
P6	I	2023-10-07
P6	U	2023-10-14
P6	I	2023-10-21
P6	P	2023-10-21
P6	P	2023-10-29
P6	Q	2023-10-30
P6	B	2023-11-06
P6	K	2023-11-09
P6	V	2023-11-11
P6	S	2023-12-06
P6	G	2023-12-11
P7	O	2023-01-06
P7	C	2023-01-07
P7	A	2023-01-08
P7	A	2023-01-12
P7	N	2023-01-15
P7	X	2023-01-26
P7	Q	2023-02-01
P7	S	2023-02-09
P7	S	2023-03-28
P7	D	2023-04-04
P7	K	2023-04-18
P7	C	2023-04-18
P7	A	2023-05-01
P7	H	2023-05-10
P7	L	2023-05-14
P7	Q	2023-05-19
P7	Z	2023-05-22
P7	C	2023-06-02
P7	R	2023-06-03
P7	J	2023-06-11
P7	M	2023-06-17
P7	O	2023-07-08
P7	X	2023-07-13
P7	I	2023-07-14
P7	G	2023-07-15
P7	M	2023-07-17
P7	H	2023-08-19
P7	W	2023-08-23
P7	A	2023-08-25
P7	V	2023-09-12
P7	U	2023-09-20
P7	E	2023-10-06
P7	Q	2023-10-28
P7	J	2023-10-28
P7	G	2023-11-01
P7	Y	2023-11-06
P7	U	2023-11-12
P7	D	2023-11-22
P7	T	2023-11-23
P7	V	2023-12-01
P7	D	2023-12-19
P7	W	2023-12-20
P8	M	2023-02-17
P8	G	2023-03-02
P8	Z	2023-03-02
P8	T	2023-03-02
P8	D	2023-03-04
P8	K	2023-03-09
P8	Z	2023-03-10
P8	I	2023-03-20
P8	H	2023-03-24
P8	N	2023-06-07
P8	O	2023-06-12
P8	S	2023-06-16
P8	X	2023-07-02
P8	X	2023-07-04
P8	X	2023-07-04
P8	F	2023-07-06
P8	X	2023-07-08
P8	T	2023-07-09
P8	G	2023-07-09
P8	W	2023-07-10
P8	B	2023-07-16
P8	N	2023-07-23
P8	O	2023-08-06
P8	F	2023-09-09
P8	G	2023-09-17
P8	D	2023-10-05
P8	D	2023-10-10
P8	K	2023-10-29
P8	F	2023-12-18
P9	L	2023-01-15
P9	I	2023-01-27
P9	F	2023-02-14
P9	F	2023-03-03
P9	Y	2023-03-06
P9	P	2023-03-25
P9	C	2023-04-02
P9	A	2023-04-16
P9	P	2023-04-17
P9	L	2023-04-19
P9	M	2023-04-25
P9	L	2023-04-28
P9	B	2023-05-12
P9	Z	2023-05-20
P9	Y	2023-06-03
P9	W	2023-06-08
P9	W	2023-06-29
P9	T	2023-07-02
P9	G	2023-07-06
P9	T	2023-07-07
P9	L	2023-08-28
P9	V	2023-08-30
P9	F	2023-10-01
P9	R	2023-10-05
P9	K	2023-10-17
P9	U	2023-10-17
P9	J	2023-10-18
P9	H	2023-12-02
P9	O	2023-12-12
P10	I	2023-01-02
P10	I	2023-01-06
P10	W	2023-01-09
P10	N	2023-01-10
P10	I	2023-01-11
P10	D	2023-01-11
P10	P	2023-01-26
P10	X	2023-01-29
P10	Q	2023-03-23
P10	M	2023-04-04
P10	O	2023-04-10
P10	A	2023-04-11
P10	F	2023-04-17
P10	W	2023-05-04
P10	B	2023-05-04
P10	Q	2023-05-19
P10	L	2023-05-28
P10	H	2023-06-05
P10	V	2023-06-10
P10	U	2023-06-12
P10	O	2023-07-02
P10	Y	2023-07-02
P10	J	2023-07-13
P10	P	2023-07-15
P10	V	2023-07-20
P10	L	2023-07-22
P10	M	2023-07-22
P10	X	2023-07-25
P10	B	2023-08-04
P10	T	2023-08-30
P10	S	2023-08-31
P10	W	2023-09-01
P10	U	2023-09-04
P10	S	2023-10-21
P10	D	2023-11-10
P10	J	2023-11-14
P10	C	2023-11-14
P10	R	2023-11-27
P10	C	2023-12-11
P10	Q	2023-12-11
P10	P	2023-12-13
P10	Q	2023-12-23
P11	R	2023-01-05
P11	A	2023-01-06
P11	X	2023-01-27
P11	A	2023-02-03
P11	X	2023-02-08
P11	X	2023-02-26
P11	Q	2023-03-18
P11	U	2023-03-25
P11	E	2023-03-25
P11	P	2023-04-06
P11	D	2023-04-25
P11	Z	2023-05-01
P11	I	2023-05-05
P11	W	2023-05-10
P11	U	2023-05-14
P11	K	2023-05-31
P11	I	2023-06-06
P11	G	2023-06-11
P11	G	2023-06-15
P11	Y	2023-06-18
P11	U	2023-06-20
P11	W	2023-06-22
P11	O	2023-06-23
P11	Z	2023-06-27
P11	I	2023-06-27
P11	L	2023-07-04
P11	M	2023-08-02
P11	D	2023-08-07
P11	Y	2023-08-13
P11	Z	2023-08-17
P11	N	2023-08-20
P11	X	2023-08-21
P11	V	2023-08-21
P11	J	2023-09-16
P11	Z	2023-09-23
P11	Q	2023-09-23
P11	P	2023-09-28
P11	Z	2023-10-05
P11	X	2023-10-07
P11	O	2023-10-17
P11	R	2023-10-24
P11	C	2023-11-20
P11	C	2023-11-26
P11	V	2023-11-27
P11	D	2023-12-02
P11	H	2023-12-11
P11	E	2023-12-11
P11	Y	2023-12-29
P11	M	2023-12-31
P12	Q	2023-01-04
P12	J	2023-01-13
P12	S	2023-02-12
P12	W	2023-02-18
P12	E	2023-02-25
P12	N	2023-03-11
P12	Y	2023-03-13
P12	R	2023-03-28
P12	G	2023-04-01
P12	I	2023-04-04
P12	M	2023-04-16
P12	H	2023-04-19
P12	V	2023-04-28
P12	F	2023-05-31
P12	G	2023-06-03
P12	U	2023-06-23
P12	B	2023-07-01
P12	T	2023-07-03
P12	X	2023-07-18
P12	H	2023-07-21
P12	V	2023-08-01
P12	N	2023-08-02
P12	A	2023-08-25
P12	Y	2023-08-27
P12	T	2023-09-01
P12	Z	2023-09-21
P12	P	2023-10-05
P12	T	2023-10-26
P12	O	2023-11-03
P12	F	2023-11-14
P12	E	2023-11-18
P12	R	2023-11-18
P12	S	2023-12-13
P12	Y	2023-12-22
P13	B	2023-01-01
P13	L	2023-01-28
P13	Q	2023-01-28
P13	S	2023-02-24
P13	F	2023-03-04
P13	R	2023-03-25
P13	Q	2023-04-03
P13	V	2023-04-05
P13	Y	2023-05-10
P13	N	2023-05-11
P13	A	2023-05-16
P13	P	2023-05-22
P13	O	2023-05-23
P13	H	2023-05-24
P13	K	2023-06-25
P13	D	2023-07-10
P13	Z	2023-07-25
P13	X	2023-08-03
P13	F	2023-08-04
P13	U	2023-08-09
P13	B	2023-08-28
P13	J	2023-09-24
P13	U	2023-09-27
P13	H	2023-09-27
P13	M	2023-10-03
P13	Y	2023-10-06
P13	H	2023-10-12
P13	H	2023-11-02
P13	K	2023-11-06
P13	D	2023-11-13
P13	V	2023-11-15
P13	J	2023-11-27
P13	A	2023-12-09
P13	M	2023-12-10
P13	D	2023-12-19
P13	P	2023-12-31
P14	L	2023-01-09
P14	J	2023-01-10
P14	L	2023-01-26
P14	F	2023-01-27
P14	H	2023-02-15
P14	N	2023-02-16
P14	C	2023-03-18
P14	Z	2023-04-04
P14	P	2023-04-12
P14	Y	2023-04-25
P14	F	2023-04-28
P14	F	2023-05-18
P14	F	2023-06-06
P14	M	2023-06-14
P14	V	2023-06-17
P14	S	2023-06-21
P14	K	2023-08-11
P14	C	2023-09-08
P14	P	2023-10-19
P14	N	2023-10-25
P14	L	2023-11-14
P15	B	2023-01-03
P15	I	2023-01-20
P15	U	2023-02-09
P15	J	2023-02-18
P15	L	2023-03-11
P15	X	2023-03-26
P15	E	2023-04-14
P15	D	2023-07-14
P15	W	2023-07-21
P15	A	2023-08-06
P15	R	2023-08-24
P15	H	2023-08-26
P15	J	2023-08-30
P15	B	2023-09-18
P15	Q	2023-09-28
P15	K	2023-10-02
P15	B	2023-10-16
P15	M	2023-11-17
P15	L	2023-12-09
P15	V	2023-12-21
P16	W	2023-01-08
P16	T	2023-01-11
P16	N	2023-01-15
P16	A	2023-01-29
P16	N	2023-02-10
P16	H	2023-02-14
P16	Q	2023-02-15
P16	X	2023-02-21
P16	A	2023-03-09
P16	J	2023-03-25
P16	M	2023-03-26
P16	Q	2023-03-30
P16	L	2023-04-06
P16	T	2023-04-10
P16	G	2023-04-11
P16	E	2023-04-16
P16	J	2023-05-02
P16	D	2023-05-09
P16	P	2023-05-11
P16	I	2023-06-19
P16	R	2023-06-27
P16	W	2023-07-19
P16	B	2023-07-23
P16	Z	2023-08-04
P16	H	2023-08-05
P16	W	2023-08-09
P16	H	2023-08-15
P16	K	2023-08-18
P16	Z	2023-08-20
P16	Y	2023-08-21
P16	R	2023-09-09
P16	G	2023-09-12
P16	Y	2023-09-21
P16	A	2023-09-25
P16	G	2023-09-29
P16	A	2023-10-19
P16	L	2023-10-23
P16	T	2023-10-28
P16	O	2023-10-30
P16	V	2023-11-01
P16	L	2023-11-20
P16	T	2023-11-28
P16	N	2023-12-07
P16	D	2023-12-21
P17	A	2023-01-13
P17	A	2023-01-16
P17	H	2023-01-26
P17	B	2023-02-10
P17	D	2023-02-28
P17	J	2023-03-03
P17	F	2023-03-04
P17	F	2023-03-07
P17	A	2023-03-11
P17	U	2023-03-29
P17	R	2023-04-05
P17	Y	2023-05-02
P17	Q	2023-05-04
P17	T	2023-05-10
P17	N	2023-05-16
P17	X	2023-05-20
P17	I	2023-06-01
P17	V	2023-06-24
P17	Q	2023-06-30
P17	A	2023-07-15
P17	Z	2023-07-20
P17	H	2023-07-21
P17	G	2023-07-24
P17	O	2023-07-24
P17	M	2023-07-25
P17	A	2023-08-08
P17	H	2023-08-25
P17	P	2023-08-26
P17	O	2023-08-28
P17	J	2023-09-19
P17	F	2023-09-24
P17	B	2023-09-27
P17	Z	2023-10-07
P17	U	2023-11-13
P17	P	2023-11-28
P17	S	2023-12-07
P17	F	2023-12-12
P17	X	2023-12-23
P17	A	2023-12-24
P17	M	2023-12-30
P18	T	2023-01-06
P18	R	2023-01-31
P18	L	2023-02-02
P18	I	2023-02-06
P18	B	2023-02-08
P18	Q	2023-02-09
P18	U	2023-02-09
P18	L	2023-02-10
P18	C	2023-02-23
P18	N	2023-03-06
P18	I	2023-03-22
P18	D	2023-03-28
P18	I	2023-03-30
P18	T	2023-04-05
P18	R	2023-04-05
P18	C	2023-04-25
P18	I	2023-05-04
P18	C	2023-05-19
P18	Y	2023-05-31
P18	A	2023-06-07
P18	A	2023-07-06
P18	S	2023-07-08
P18	Q	2023-07-13
P18	Q	2023-07-18
P18	S	2023-07-19
P18	M	2023-08-04
P18	B	2023-08-09
P18	S	2023-08-22
P18	X	2023-08-23
P18	R	2023-08-29
P18	E	2023-09-15
P18	V	2023-09-17
P18	A	2023-09-27
P18	O	2023-09-27
P18	E	2023-10-02
P18	X	2023-10-15
P18	E	2023-10-22
P18	V	2023-10-25
P18	N	2023-10-30
P18	P	2023-11-08
P18	Y	2023-11-25
P18	Q	2023-11-30
P18	Z	2023-12-27
P19	E	2023-01-25
P19	W	2023-03-04
P19	V	2023-03-05
P19	L	2023-03-16
P19	Z	2023-03-20
P19	Y	2023-03-30
P19	H	2023-04-15
P19	U	2023-05-08
P19	R	2023-05-09
P19	L	2023-05-17
P19	B	2023-06-02
P19	N	2023-06-07
P19	W	2023-06-11
P19	Q	2023-07-28
P19	L	2023-07-29
P19	Z	2023-08-13
P19	K	2023-08-19
P19	K	2023-09-14
P19	X	2023-09-19
P19	E	2023-10-01
P19	C	2023-11-08
P19	E	2023-11-22
P19	H	2023-11-23
P19	Y	2023-12-03
P19	D	2023-12-08
P19	B	2023-12-09
P19	I	2023-12-17
P20	S	2023-01-09
P20	P	2023-01-17
P20	V	2023-01-21
P20	Q	2023-01-22
P20	V	2023-01-24
P20	A	2023-01-29
P20	C	2023-02-03
P20	R	2023-02-17
P20	C	2023-03-15
P20	P	2023-03-20
P20	Q	2023-03-30
P20	J	2023-04-16
P20	G	2023-04-24
P20	V	2023-04-29
P20	E	2023-05-20
P20	E	2023-06-05
P20	Q	2023-06-22
P20	F	2023-07-03
P20	C	2023-07-17
P20	E	2023-07-22
P20	B	2023-07-28
P20	Q	2023-08-03
P20	K	2023-08-06
P20	X	2023-08-30
P20	U	2023-09-01
P20	P	2023-09-05
P20	R	2023-09-20
P20	A	2023-10-01
P20	S	2023-10-13
P20	N	2023-11-17
P20	X	2023-11-23
P20	G	2023-12-04
P20	M	2023-12-13
P20	X	2023-12-14
P20	P	2023-12-25
P21	R	2023-01-05
P21	B	2023-01-17
P21	U	2023-02-01
P21	O	2023-03-02
P21	M	2023-03-04
P21	E	2023-03-07
P21	E	2023-03-13
P21	V	2023-03-23
P21	C	2023-03-29
P21	J	2023-03-29
P21	T	2023-04-11
P21	E	2023-04-15
P21	E	2023-04-18
P21	B	2023-04-19
P21	K	2023-04-29
P21	Y	2023-05-17
P21	T	2023-05-23
P21	S	2023-05-30
P21	H	2023-06-02
P21	Y	2023-06-02
P21	G	2023-06-25
P21	Y	2023-07-02
P21	U	2023-07-05
P21	T	2023-07-17
P21	K	2023-07-21
P21	E	2023-08-07
P21	T	2023-08-16
P21	C	2023-08-16
P21	E	2023-08-23
P21	D	2023-08-28
P21	R	2023-09-25
P21	B	2023-09-26
P21	S	2023-09-27
P21	L	2023-09-29
P21	Z	2023-11-25
P21	F	2023-12-03
P21	M	2023-12-04
P21	K	2023-12-08
P21	I	2023-12-08
P21	C	2023-12-08
P21	M	2023-12-10
P21	C	2023-12-10
P21	E	2023-12-22
P21	E	2023-12-23
P21	P	2023-12-24
P22	C	2023-01-23
P22	W	2023-02-06
P22	X	2023-02-12
P22	E	2023-02-19
P22	G	2023-02-28
P22	K	2023-03-18
P22	A	2023-03-19
P22	A	2023-03-31
P22	H	2023-04-09
P22	Q	2023-04-22
P22	I	2023-05-03
P22	F	2023-05-03
P22	C	2023-05-11
P22	V	2023-05-21
P22	E	2023-05-24
P22	P	2023-05-31
P22	V	2023-06-22
P22	B	2023-06-26
P22	P	2023-06-26
P22	R	2023-06-27
P22	I	2023-06-29
P22	W	2023-07-03
P22	C	2023-07-08
P22	E	2023-07-14
P22	Y	2023-07-27
P22	Q	2023-07-27
P22	I	2023-08-19
P22	B	2023-08-24
P22	B	2023-09-02
P22	G	2023-09-17
P22	G	2023-09-17
P22	Y	2023-10-04
P22	O	2023-10-05
P22	H	2023-10-05
P22	H	2023-10-10
P22	N	2023-11-03
P22	M	2023-11-11
P22	E	2023-11-15
P22	Q	2023-12-10
P22	H	2023-12-11
P22	E	2023-12-13
P22	T	2023-12-26
P23	E	2023-01-07
P23	P	2023-01-07
P23	U	2023-01-07
P23	B	2023-01-21
P23	H	2023-02-03
P23	B	2023-02-03
P23	V	2023-02-08
P23	J	2023-02-12
P23	Y	2023-02-15
P23	F	2023-03-04
P23	H	2023-03-13
P23	K	2023-03-26
P23	O	2023-04-18
P23	S	2023-05-09
P23	X	2023-06-16
P23	R	2023-06-24
P23	N	2023-06-28
P23	R	2023-07-13
P23	W	2023-07-16
P23	E	2023-07-19
P23	A	2023-07-30
P23	S	2023-08-05
P23	R	2023-08-10
P23	E	2023-08-20
P23	H	2023-08-20
P23	B	2023-08-23
P23	Y	2023-08-29
P23	G	2023-08-31
P23	W	2023-09-03
P23	M	2023-09-14
P23	S	2023-09-22
P23	P	2023-09-27
P23	G	2023-09-30
P23	Q	2023-10-05
P23	Q	2023-10-27
P23	Y	2023-11-02
P23	W	2023-12-16
P23	M	2023-12-31
P24	X	2023-01-04
P24	N	2023-01-10
P24	Y	2023-01-16
P24	T	2023-01-24
P24	B	2023-02-04
P24	I	2023-02-13
P24	P	2023-02-24
P24	P	2023-03-03
P24	Y	2023-03-30
P24	X	2023-04-05
P24	B	2023-04-28
P24	E	2023-05-07
P24	R	2023-07-05
P24	H	2023-08-15
P24	B	2023-08-17
P24	P	2023-08-22
P24	D	2023-08-28
P24	C	2023-08-30
P24	C	2023-09-09
P24	V	2023-09-12
P24	V	2023-09-16
P24	I	2023-09-23
P24	K	2023-10-24
P24	T	2023-11-23
P24	B	2023-12-12
P25	W	2023-01-04
P25	W	2023-01-29
P25	F	2023-02-13
P25	Y	2023-02-16
P25	R	2023-03-09
P25	M	2023-03-21
P25	L	2023-05-10
P25	Y	2023-05-22
P25	S	2023-06-01
P25	J	2023-06-03
P25	L	2023-06-06
P25	D	2023-06-26
P25	S	2023-07-01
P25	W	2023-07-29
P25	Q	2023-08-10
P25	L	2023-09-07
P25	J	2023-10-03
P25	M	2023-10-12
P25	A	2023-10-28
P25	D	2023-11-15
P25	I	2023-11-15
P25	A	2023-11-20
P26	J	2023-01-01
P26	C	2023-01-08
P26	O	2023-01-16
P26	C	2023-01-16
P26	Q	2023-01-20
P26	G	2023-02-09
P26	L	2023-02-20
P26	J	2023-02-25
P26	Q	2023-02-27
P26	V	2023-02-28
P26	Q	2023-03-06
P26	Z	2023-03-21
P26	N	2023-04-13
P26	J	2023-04-14
P26	R	2023-04-15
P26	S	2023-04-19
P26	P	2023-04-28
P26	W	2023-05-31
P26	O	2023-05-31
P26	X	2023-06-03
P26	L	2023-06-06
P26	B	2023-06-09
P26	M	2023-06-24
P26	U	2023-07-01
P26	C	2023-07-05
P26	M	2023-07-08
P26	T	2023-07-11
P26	O	2023-07-25
P26	Y	2023-07-27
P26	E	2023-08-07
P26	U	2023-08-13
P26	Z	2023-08-22
P26	T	2023-08-27
P26	P	2023-09-04
P26	M	2023-09-05
P26	E	2023-09-23
P26	Z	2023-09-29
P26	U	2023-10-02
P26	T	2023-10-12
P26	F	2023-10-12
P26	J	2023-10-19
P26	T	2023-10-27
P26	I	2023-11-19
P26	F	2023-12-30
P27	D	2023-01-01
P27	E	2023-01-05
P27	N	2023-01-12
P27	B	2023-01-12
P27	Q	2023-01-23
P27	B	2023-02-10
P27	C	2023-02-20
P27	C	2023-02-23
P27	K	2023-03-03
P27	D	2023-03-18
P27	W	2023-03-21
P27	S	2023-03-27
P27	N	2023-03-28
P27	Y	2023-04-06
P27	J	2023-05-16
P27	X	2023-05-18
P27	G	2023-05-28
P27	W	2023-05-30
P27	N	2023-06-09
P27	C	2023-06-30
P27	A	2023-07-04
P27	B	2023-07-12
P27	X	2023-07-20
P27	B	2023-07-22
P27	S	2023-07-31
P27	L	2023-08-12
P27	X	2023-08-21
P27	D	2023-08-24
P27	X	2023-09-02
P27	D	2023-09-07
P27	N	2023-09-16
P27	S	2023-09-22
P27	W	2023-11-01
P27	Z	2023-11-20
P28	B	2023-01-11
P28	P	2023-01-14
P28	Q	2023-01-27
P28	Y	2023-01-30
P28	U	2023-02-05
P28	I	2023-02-06
P28	S	2023-02-11
P28	N	2023-02-23
P28	K	2023-03-15
P28	L	2023-03-26
P28	E	2023-04-17
P28	D	2023-05-11
P28	C	2023-05-19
P28	W	2023-05-26
P28	F	2023-05-30
P28	Y	2023-06-07
P28	B	2023-06-10
P28	K	2023-06-15
P28	I	2023-07-05
P28	V	2023-07-09
P28	H	2023-08-08
P28	K	2023-08-15
P28	A	2023-08-20
P28	M	2023-08-22
P28	L	2023-08-27
P28	R	2023-09-06
P28	W	2023-09-11
P28	Z	2023-09-19
P28	Z	2023-09-24
P28	G	2023-10-18
P28	I	2023-10-23
P28	L	2023-10-27
P28	B	2023-11-01
P28	G	2023-11-06
P28	Z	2023-11-06
P28	V	2023-11-12
P28	Z	2023-11-13
P28	G	2023-11-18
P28	Y	2023-12-18
P29	Q	2023-02-04
P29	N	2023-03-15
P29	X	2023-03-18
P29	N	2023-03-21
P29	E	2023-03-24
P29	T	2023-03-31
P29	W	2023-04-04
P29	X	2023-05-23
P29	M	2023-06-10
P29	O	2023-06-11
P29	S	2023-06-12
P29	T	2023-07-27
P29	A	2023-08-09
P29	R	2023-08-25
P29	N	2023-09-14
P29	K	2023-09-16
P29	A	2023-10-01
P29	N	2023-10-02
P29	B	2023-10-17
P29	Q	2023-10-26
P29	Q	2023-10-27
P29	W	2023-11-14
P29	S	2023-12-19
P30	Z	2023-01-02
P30	I	2023-01-03
P30	K	2023-01-04
P30	U	2023-01-11
P30	O	2023-01-16
P30	S	2023-01-28
P30	O	2023-02-09
P30	Q	2023-02-13
P30	I	2023-02-21
P30	Y	2023-02-21
P30	H	2023-03-10
P30	R	2023-03-10
P30	A	2023-04-01
P30	F	2023-05-12
P30	Y	2023-05-20
P30	R	2023-06-07
P30	B	2023-07-05
P30	Y	2023-07-09
P30	V	2023-07-12
P30	L	2023-07-23
P30	N	2023-07-27
P30	J	2023-07-31
P30	A	2023-08-18
P30	T	2023-08-23
P30	Z	2023-09-06
P30	M	2023-09-08
P30	H	2023-09-21
P30	P	2023-10-02
P30	R	2023-10-03
P30	J	2023-10-21
P30	L	2023-10-26
P30	W	2023-11-08
P30	H	2023-11-10
P30	M	2023-11-19
P30	R	2023-11-23
P30	M	2023-12-03
P30	I	2023-12-29
P31	N	2023-01-07
P31	K	2023-01-10
P31	N	2023-01-11
P31	R	2023-01-18
P31	B	2023-01-24
P31	M	2023-02-03
P31	D	2023-02-11
P31	V	2023-02-12
P31	F	2023-04-08
P31	W	2023-04-16
P31	Z	2023-04-20
P31	F	2023-04-26
P31	G	2023-05-02
P31	D	2023-05-10
P31	W	2023-05-14
P31	Y	2023-06-01
P31	M	2023-06-04
P31	B	2023-06-09
P31	F	2023-07-01
P31	W	2023-07-03
P31	B	2023-07-13
P31	Q	2023-07-14
P31	G	2023-08-04
P31	Q	2023-08-05
P31	G	2023-09-04
P31	I	2023-09-05
P31	O	2023-09-21
P31	Q	2023-09-24
P31	O	2023-09-26
P31	C	2023-10-12
P31	O	2023-10-30
P31	A	2023-12-22
P32	G	2023-01-02
P32	O	2023-01-12
P32	E	2023-02-01
P32	O	2023-03-01
P32	W	2023-03-01
P32	A	2023-03-17
P32	P	2023-04-08
P32	N	2023-04-19
P32	P	2023-04-27
P32	N	2023-05-06
P32	Z	2023-05-13
P32	P	2023-05-20
P32	C	2023-06-10
P32	Y	2023-06-15
P32	V	2023-06-25
P32	K	2023-07-03
P32	M	2023-07-09
P32	R	2023-07-19
P32	U	2023-07-20
P32	P	2023-08-08
P32	C	2023-08-22
P32	K	2023-08-25
P32	C	2023-08-28
P32	S	2023-10-08
P32	D	2023-10-11
P32	J	2023-10-14
P32	Q	2023-11-23
P32	Q	2023-11-23
P32	P	2023-12-17
P33	D	2023-01-04
P33	Y	2023-01-10
P33	U	2023-01-11
P33	P	2023-01-14
P33	R	2023-02-02
P33	M	2023-02-09
P33	S	2023-02-15
P33	R	2023-03-04
P33	H	2023-03-06
P33	W	2023-03-24
P33	T	2023-04-03
P33	W	2023-04-20
P33	V	2023-04-22
P33	Y	2023-05-04
P33	U	2023-05-05
P33	D	2023-05-10
P33	N	2023-05-12
P33	I	2023-05-13
P33	F	2023-05-17
P33	N	2023-05-25
P33	F	2023-05-31
P33	D	2023-06-23
P33	P	2023-07-08
P33	E	2023-07-09
P33	Y	2023-07-17
P33	K	2023-07-17
P33	Q	2023-08-20
P33	O	2023-08-29
P33	V	2023-09-17
P33	P	2023-09-17
P33	J	2023-09-25
P33	G	2023-09-28
P33	N	2023-10-04
P33	X	2023-10-11
P33	U	2023-10-15
P33	C	2023-10-17
P33	C	2023-10-20
P33	L	2023-11-07
P33	Q	2023-12-03
P33	E	2023-12-03
P33	N	2023-12-16
P33	I	2023-12-16
P33	N	2023-12-20
P33	Z	2023-12-23
P33	V	2023-12-24
P33	J	2023-12-28
P34	G	2023-01-05
P34	I	2023-01-12
P34	J	2023-01-19
P34	D	2023-01-23
P34	S	2023-01-24
P34	Q	2023-01-27
P34	B	2023-02-05
P34	Q	2023-02-26
P34	R	2023-03-04
P34	G	2023-03-07
P34	H	2023-03-10
P34	F	2023-03-15
P34	L	2023-03-31
P34	V	2023-05-22
P34	P	2023-05-29
P34	K	2023-05-29
P34	A	2023-06-05
P34	E	2023-06-09
P34	P	2023-07-09
P34	R	2023-07-22
P34	L	2023-07-24
P34	G	2023-07-30
P34	Q	2023-07-31
P34	G	2023-08-01
P34	E	2023-08-04
P34	F	2023-08-18
P34	M	2023-08-23
P34	P	2023-09-17
P34	D	2023-09-17
P34	U	2023-10-01
P34	J	2023-10-04
P34	N	2023-10-16
P34	V	2023-10-31
P34	Y	2023-11-02
P34	Z	2023-11-16
P34	R	2023-11-18
P34	F	2023-11-19
P34	A	2023-11-22
P34	X	2023-12-16
P35	B	2023-01-11
P35	Y	2023-01-22
P35	F	2023-01-27
P35	K	2023-01-30
P35	X	2023-02-16
P35	I	2023-03-12
P35	R	2023-03-26
P35	T	2023-03-27
P35	V	2023-04-18
P35	U	2023-05-04
P35	D	2023-05-09
P35	Y	2023-05-16
P35	K	2023-05-22
P35	Q	2023-05-29
P35	H	2023-06-07
P35	G	2023-06-22
P35	W	2023-06-30
P35	K	2023-07-03
P35	K	2023-07-09
P35	A	2023-07-31
P35	Y	2023-08-08
P35	E	2023-08-08
P35	J	2023-08-26
P35	V	2023-09-01
P35	L	2023-09-03
P35	Q	2023-09-12
P35	O	2023-09-22
P35	K	2023-09-24
P35	C	2023-09-26
P35	Q	2023-10-22
P35	V	2023-10-23
P35	F	2023-11-20
P35	R	2023-12-11
P35	I	2023-12-22
P35	N	2023-12-23
P36	C	2023-01-25
P36	G	2023-01-25
P36	T	2023-01-28
P36	R	2023-02-09
P36	X	2023-02-10
P36	K	2023-03-19
P36	C	2023-03-20
P36	B	2023-03-29
P36	B	2023-04-16
P36	E	2023-04-18
P36	Y	2023-04-23
P36	E	2023-04-24
P36	A	2023-05-15
P36	R	2023-05-17
P36	T	2023-05-23
P36	H	2023-05-24
P36	A	2023-05-25
P36	Z	2023-05-26
P36	U	2023-06-01
P36	X	2023-06-05
P36	Z	2023-06-15
P36	A	2023-06-15
P36	V	2023-06-23
P36	E	2023-06-29
P36	I	2023-07-21
P36	F	2023-07-23
P36	W	2023-07-23
P36	R	2023-07-25
P36	V	2023-07-29
P36	T	2023-08-06
P36	V	2023-09-02
P36	M	2023-09-13
P36	G	2023-09-17
P36	Y	2023-09-19
P36	C	2023-09-19
P36	I	2023-09-23
P36	P	2023-10-10
P36	Q	2023-10-19
P36	A	2023-10-22
P36	V	2023-10-25
P36	P	2023-10-29
P36	T	2023-10-31
P36	N	2023-11-16
P36	A	2023-11-27
P36	V	2023-12-08
P36	L	2023-12-12
P36	U	2023-12-26
P37	K	2023-01-01
P37	G	2023-01-27
P37	F	2023-02-09
P37	I	2023-02-12
P37	G	2023-02-20
P37	V	2023-02-23
P37	O	2023-02-27
P37	M	2023-03-11
P37	W	2023-03-24
P37	M	2023-03-25
P37	F	2023-03-28
P37	L	2023-04-01
P37	T	2023-04-10
P37	R	2023-04-25
P37	M	2023-05-02
P37	C	2023-05-04
P37	A	2023-05-06
P37	F	2023-05-15
P37	B	2023-06-04
P37	D	2023-06-07
P37	N	2023-07-16
P37	V	2023-08-06
P37	K	2023-08-12
P37	L	2023-08-13
P37	G	2023-08-24
P37	M	2023-08-28
P37	A	2023-09-09
P37	N	2023-09-11
P37	F	2023-09-15
P37	D	2023-09-16
P37	D	2023-09-19
P37	A	2023-09-28
P37	X	2023-10-14
P37	D	2023-11-03
P37	G	2023-11-09
P37	E	2023-11-29
P37	K	2023-12-03
P37	W	2023-12-03
P37	H	2023-12-03
P37	C	2023-12-13
P37	E	2023-12-22
P38	E	2023-01-22
P38	W	2023-02-02
P38	D	2023-02-04
P38	B	2023-02-11
P38	W	2023-02-14
P38	M	2023-02-17
P38	M	2023-02-17
P38	W	2023-02-21
P38	T	2023-02-21
P38	R	2023-03-05
P38	H	2023-03-10
P38	A	2023-03-24
P38	M	2023-04-24
P38	H	2023-04-28
P38	N	2023-05-01
P38	H	2023-05-12
P38	Q	2023-05-26
P38	V	2023-05-29
P38	P	2023-06-02
P38	U	2023-06-14
P38	Q	2023-06-21
P38	B	2023-06-24
P38	Z	2023-07-09
P38	W	2023-07-14
P38	L	2023-08-04
P38	F	2023-08-22
P38	H	2023-09-11
P38	Z	2023-09-15
P38	X	2023-10-01
P38	W	2023-10-02
P38	G	2023-10-08
P38	Q	2023-10-12
P38	S	2023-10-13
P38	R	2023-11-01
P38	L	2023-11-14
P38	D	2023-11-26
P38	O	2023-11-29
P38	B	2023-11-29
P38	I	2023-12-03
P38	Z	2023-12-09
P38	Y	2023-12-10
P38	L	2023-12-28
P39	F	2023-01-18
P39	Y	2023-01-21
P39	E	2023-02-01
P39	X	2023-02-02
P39	W	2023-02-06
P39	E	2023-03-12
P39	L	2023-03-12
P39	F	2023-03-19
P39	B	2023-03-23
P39	A	2023-04-04
P39	D	2023-04-12
P39	L	2023-04-19
P39	K	2023-04-27
P39	B	2023-04-28
P39	F	2023-05-04
P39	C	2023-05-27
P39	F	2023-06-12
P39	K	2023-06-19
P39	I	2023-06-23
P39	A	2023-07-06
P39	B	2023-08-01
P39	Y	2023-08-17
P39	Z	2023-08-18
P39	W	2023-08-20
P39	A	2023-09-20
P39	Z	2023-09-25
P39	O	2023-10-05
P39	G	2023-10-09
P39	S	2023-10-14
P39	F	2023-10-31
P39	C	2023-11-24
P39	C	2023-11-27
P39	L	2023-12-01
P39	V	2023-12-06
P39	W	2023-12-10
P39	K	2023-12-23
P40	N	2023-01-17
P40	B	2023-01-25
P40	R	2023-01-28
P40	M	2023-02-01
P40	Y	2023-02-05
P40	U	2023-02-10
P40	A	2023-02-14
P40	P	2023-02-27
P40	X	2023-03-04
P40	A	2023-03-29
P40	T	2023-04-04
P40	D	2023-04-05
P40	H	2023-04-09
P40	K	2023-04-17
P40	B	2023-04-26
P40	I	2023-05-05
P40	D	2023-05-13
P40	H	2023-05-22
P40	C	2023-05-28
P40	F	2023-06-08
P40	Z	2023-06-10
P40	B	2023-07-14
P40	P	2023-07-17
P40	V	2023-07-30
P40	F	2023-08-07
P40	L	2023-09-19
P40	J	2023-09-27
P40	Y	2023-10-18
P40	R	2023-10-20
P40	K	2023-11-16
P40	P	2023-11-18
P40	A	2023-11-20
P40	O	2023-11-22
P40	F	2023-12-06
P40	Q	2023-12-26
P41	J	2023-01-07
P41	P	2023-01-17
P41	M	2023-02-08
P41	Y	2023-02-25
P41	L	2023-02-26
P41	D	2023-04-27
P41	Q	2023-06-03
P41	M	2023-06-14
P41	J	2023-06-18
P41	O	2023-07-01
P41	U	2023-07-16
P41	F	2023-08-13
P41	I	2023-08-25
P41	Z	2023-08-28
P41	N	2023-10-10
P41	R	2023-10-11
P41	J	2023-10-27
P41	L	2023-10-27
P41	V	2023-10-29
P41	I	2023-10-31
P41	O	2023-11-28
P41	X	2023-12-20
P42	I	2023-01-04
P42	I	2023-01-04
P42	J	2023-01-11
P42	S	2023-03-20
P42	U	2023-03-27
P42	U	2023-04-20
P42	K	2023-04-22
P42	X	2023-04-26
P42	G	2023-04-30
P42	I	2023-04-30
P42	P	2023-05-07
P42	U	2023-05-18
P42	H	2023-05-20
P42	A	2023-05-24
P42	X	2023-05-27
P42	V	2023-06-11
P42	N	2023-07-21
P42	R	2023-07-30
P42	L	2023-08-05
P42	K	2023-08-07
P42	P	2023-08-13
P42	A	2023-08-14
P42	C	2023-09-20
P42	F	2023-09-29
P42	N	2023-10-08
P42	M	2023-10-11
P42	Y	2023-10-19
P42	U	2023-11-10
P42	J	2023-11-10
P42	I	2023-11-14
P42	T	2023-11-22
P42	W	2023-11-25
P42	H	2023-11-30
P42	P	2023-12-12
P42	K	2023-12-20
P43	W	2023-02-11
P43	K	2023-02-18
P43	Y	2023-02-26
P43	S	2023-03-23
P43	A	2023-03-27
P43	U	2023-04-07
P43	F	2023-04-21
P43	J	2023-05-27
P43	W	2023-06-06
P43	U	2023-06-11
P43	V	2023-06-23
P43	U	2023-07-05
P43	N	2023-07-17
P43	P	2023-07-23
P43	K	2023-08-08
P43	Z	2023-08-18
P43	U	2023-08-19
P43	Q	2023-09-01
P43	O	2023-09-02
P43	J	2023-09-04
P43	W	2023-09-10
P43	E	2023-09-14
P43	T	2023-09-28
P43	D	2023-11-19
P43	T	2023-12-16
P44	H	2023-01-01
P44	M	2023-01-24
P44	O	2023-01-27
P44	V	2023-01-31
P44	I	2023-02-11
P44	E	2023-02-28
P44	X	2023-03-24
P44	D	2023-05-18
P44	D	2023-06-05
P44	D	2023-06-06
P44	N	2023-06-23
P44	V	2023-06-24
P44	V	2023-06-27
P44	V	2023-07-13
P44	G	2023-07-31
P44	M	2023-08-12
P44	N	2023-09-06
P44	O	2023-09-07
P44	R	2023-09-27
P44	H	2023-10-09
P44	K	2023-10-10
P44	G	2023-11-04
P44	E	2023-11-28
P45	Q	2023-01-05
P45	I	2023-01-15
P45	M	2023-01-31
P45	K	2023-02-07
P45	A	2023-02-15
P45	R	2023-03-02
P45	F	2023-03-15
P45	N	2023-03-27
P45	U	2023-03-31
P45	Q	2023-04-12
P45	W	2023-06-02
P45	A	2023-07-16
P45	E	2023-07-25
P45	R	2023-08-21
P45	Q	2023-08-21
P45	I	2023-08-23
P45	T	2023-09-03
P45	Z	2023-09-21
P45	A	2023-09-30
P45	Z	2023-10-05
P45	B	2023-10-29
P45	I	2023-10-30
P45	X	2023-11-05
P45	V	2023-11-25
P45	D	2023-12-03
P45	Y	2023-12-05
P45	P	2023-12-10
P45	C	2023-12-19
P45	J	2023-12-24
P45	Y	2023-12-31
P46	L	2023-01-16
P46	S	2023-01-24
P46	T	2023-01-31
P46	H	2023-02-06
P46	F	2023-02-12
P46	A	2023-02-27
P46	L	2023-03-12
P46	W	2023-04-04
P46	H	2023-04-11
P46	G	2023-04-28
P46	M	2023-05-16
P46	F	2023-05-17
P46	W	2023-05-21
P46	P	2023-06-02
P46	T	2023-07-15
P46	S	2023-07-27
P46	X	2023-07-28
P46	M	2023-08-10
P46	J	2023-08-15
P46	X	2023-08-17
P46	F	2023-08-20
P46	M	2023-09-16
P46	E	2023-09-16
P46	F	2023-09-17
P46	N	2023-09-19
P46	W	2023-10-04
P46	I	2023-10-07
P46	E	2023-10-10
P46	J	2023-10-20
P46	E	2023-10-23
P46	X	2023-10-26
P46	W	2023-11-07
P46	S	2023-11-12
P46	F	2023-11-22
P46	H	2023-11-23
P46	S	2023-12-02
P46	B	2023-12-03
P46	I	2023-12-03
P46	F	2023-12-05
P46	F	2023-12-13
P46	F	2023-12-14
P46	I	2023-12-18
P46	K	2023-12-22
P47	S	2023-01-04
P47	L	2023-01-14
P47	Z	2023-01-23
P47	W	2023-01-26
P47	L	2023-02-08
P47	O	2023-02-12
P47	Z	2023-02-19
P47	C	2023-02-23
P47	X	2023-03-04
P47	G	2023-03-05
P47	U	2023-04-03
P47	W	2023-05-05
P47	W	2023-05-11
P47	O	2023-05-18
P47	I	2023-05-30
P47	W	2023-06-02
P47	F	2023-06-20
P47	J	2023-06-21
P47	L	2023-06-30
P47	X	2023-07-05
P47	P	2023-07-08
P47	X	2023-07-10
P47	E	2023-07-10
P47	U	2023-07-23
P47	B	2023-08-19
P47	W	2023-08-30
P47	L	2023-09-02
P47	C	2023-09-11
P47	W	2023-10-01
P47	J	2023-10-03
P47	U	2023-11-05
P47	P	2023-11-15
P47	N	2023-11-19
P47	P	2023-11-22
P47	F	2023-11-26
P47	V	2023-12-06
P47	A	2023-12-13
P47	T	2023-12-15
P47	J	2023-12-15
P48	D	2023-01-05
P48	V	2023-01-15
P48	J	2023-01-31
P48	U	2023-02-01
P48	Y	2023-02-08
P48	D	2023-02-19
P48	D	2023-02-22
P48	S	2023-02-27
P48	U	2023-03-01
P48	X	2023-03-03
P48	S	2023-03-16
P48	P	2023-03-27
P48	O	2023-03-27
P48	Z	2023-04-02
P48	X	2023-04-19
P48	A	2023-04-27
P48	N	2023-05-03
P48	L	2023-05-07
P48	W	2023-05-13
P48	U	2023-05-13
P48	N	2023-05-15
P48	F	2023-05-21
P48	H	2023-05-26
P48	K	2023-06-14
P48	S	2023-07-07
P48	Y	2023-07-11
P48	J	2023-07-13
P48	X	2023-07-22
P48	P	2023-08-03
P48	D	2023-08-03
P48	H	2023-08-17
P48	F	2023-08-30
P48	G	2023-08-31
P48	Q	2023-08-31
P48	A	2023-09-05
P48	G	2023-09-07
P48	A	2023-09-11
P48	Y	2023-09-12
P48	S	2023-10-01
P48	S	2023-10-11
P48	V	2023-10-29
P48	J	2023-11-24
P48	D	2023-11-29
P48	X	2023-12-12
P48	E	2023-12-14
P48	T	2023-12-20
P48	C	2023-12-25
P49	A	2023-01-14
P49	R	2023-01-20
P49	U	2023-01-26
P49	R	2023-01-31
P49	G	2023-02-27
P49	J	2023-02-27
P49	A	2023-03-08
P49	A	2023-03-10
P49	U	2023-03-12
P49	B	2023-03-30
P49	G	2023-04-07
P49	F	2023-04-22
P49	Q	2023-04-25
P49	D	2023-04-26
P49	C	2023-05-01
P49	U	2023-05-02
P49	N	2023-05-06
P49	W	2023-05-09
P49	G	2023-05-25
P49	L	2023-06-04
P49	J	2023-06-30
P49	R	2023-07-13
P49	C	2023-07-15
P49	H	2023-08-01
P49	B	2023-08-16
P49	Z	2023-08-17
P49	R	2023-08-19
P49	Y	2023-08-19
P49	Q	2023-08-24
P49	V	2023-09-07
P49	G	2023-09-11
P49	Y	2023-09-27
P49	U	2023-10-18
P49	M	2023-10-30
P49	W	2023-11-05
P49	O	2023-11-13
P49	T	2023-11-21
P49	I	2023-11-25
P49	K	2023-12-20
P49	Z	2023-12-20
P50	N	2023-01-15
P50	L	2023-01-17
P50	M	2023-01-21
P50	Q	2023-02-01
P50	K	2023-02-08
P50	G	2023-02-14
P50	T	2023-03-14
P50	L	2023-03-21
P50	Z	2023-04-14
P50	K	2023-04-30
P50	K	2023-05-03
P50	M	2023-05-05
P50	M	2023-05-09
P50	N	2023-05-27
P50	Z	2023-06-01
P50	R	2023-06-04
P50	U	2023-06-23
P50	Q	2023-06-23
P50	U	2023-06-24
P50	B	2023-06-28
P50	A	2023-07-12
P50	K	2023-07-13
P50	C	2023-08-03
P50	E	2023-08-19
P50	N	2023-08-22
P50	T	2023-08-27
P50	Z	2023-08-29
P50	P	2023-09-10
P50	E	2023-09-25
P50	D	2023-10-04
P50	E	2023-10-18
P50	X	2023-10-30
P50	I	2023-11-03
P50	L	2023-11-17
P50	U	2023-11-17
P50	U	2023-11-24
P50	X	2023-12-03
P51	Q	2023-01-09
P51	P	2023-01-10
P51	N	2023-03-03
P51	J	2023-03-26
P51	P	2023-04-11
P51	U	2023-04-12
P51	I	2023-04-15
P51	L	2023-04-20
P51	I	2023-04-21
P51	S	2023-04-24
P51	A	2023-04-27
P51	J	2023-05-02
P51	V	2023-06-02
P51	K	2023-06-05
P51	W	2023-06-13
P51	I	2023-06-20
P51	E	2023-07-12
P51	X	2023-07-22
P51	Z	2023-08-09
P51	W	2023-08-17
P51	X	2023-08-18
P51	J	2023-08-27
P51	M	2023-09-12
P51	G	2023-09-13
P51	V	2023-09-24
P51	N	2023-09-30
P51	Y	2023-10-02
P51	H	2023-10-23
P51	W	2023-11-06
P51	B	2023-12-05
P51	J	2023-12-24
P51	B	2023-12-31
P52	E	2023-01-01
P52	P	2023-01-16
P52	J	2023-01-19
P52	J	2023-01-19
P52	U	2023-01-23
P52	U	2023-01-31
P52	S	2023-02-11
P52	J	2023-02-13
P52	I	2023-02-21
P52	Z	2023-02-25
P52	M	2023-04-17
P52	B	2023-04-22
P52	U	2023-05-02
P52	Q	2023-05-10
P52	R	2023-05-16
P52	V	2023-05-26
P52	F	2023-06-15
P52	R	2023-06-15
P52	M	2023-06-17
P52	L	2023-07-06
P52	C	2023-07-24
P52	K	2023-07-27
P52	L	2023-08-05
P52	K	2023-08-12
P52	L	2023-08-17
P52	X	2023-08-31
P52	A	2023-09-16
P52	Y	2023-10-12
P52	L	2023-11-03
P52	J	2023-11-05
P52	A	2023-11-05
P52	Z	2023-11-07
P52	E	2023-12-05
P52	K	2023-12-11
P52	Y	2023-12-22
P53	H	2023-01-12
P53	O	2023-01-15
P53	G	2023-01-16
P53	N	2023-01-16
P53	E	2023-01-27
P53	O	2023-01-31
P53	O	2023-02-24
P53	A	2023-03-02
P53	N	2023-03-06
P53	A	2023-03-14
P53	D	2023-03-17
P53	U	2023-04-07
P53	L	2023-04-20
P53	V	2023-04-30
P53	L	2023-05-17
P53	D	2023-05-18
P53	E	2023-05-23
P53	G	2023-06-06
P53	U	2023-06-27
P53	D	2023-07-26
P53	J	2023-09-14
P53	K	2023-09-17
P53	G	2023-09-18
P53	E	2023-09-23
P53	U	2023-10-31
P53	A	2023-11-02
P53	N	2023-11-12
P53	U	2023-11-30
P54	G	2023-01-04
P54	A	2023-01-13
P54	E	2023-01-15
P54	F	2023-01-16
P54	P	2023-01-18
P54	R	2023-02-05
P54	K	2023-02-06
P54	F	2023-02-13
P54	V	2023-02-13
P54	T	2023-02-13
P54	K	2023-02-17
P54	X	2023-02-19
P54	S	2023-02-28
P54	Y	2023-03-01
P54	T	2023-03-07
P54	A	2023-03-20
P54	O	2023-03-22
P54	O	2023-03-26
P54	H	2023-04-20
P54	E	2023-05-17
P54	N	2023-05-19
P54	H	2023-05-27
P54	E	2023-06-13
P54	J	2023-07-12
P54	B	2023-07-16
P54	P	2023-08-09
P54	G	2023-08-12
P54	J	2023-08-17
P54	W	2023-08-23
P54	P	2023-09-25
P54	V	2023-10-03
P54	U	2023-10-28
P54	T	2023-10-30
P54	T	2023-11-12
P54	T	2023-11-29
P54	X	2023-12-08
P54	P	2023-12-26
P54	R	2023-12-29
P54	P	2023-12-30
P55	A	2023-01-06
P55	F	2023-01-15
P55	J	2023-02-04
P55	O	2023-02-18
P55	T	2023-02-22
P55	Z	2023-03-01
P55	Z	2023-06-04
P55	J	2023-06-05
P55	K	2023-06-06
P55	J	2023-06-18
P55	I	2023-07-24
P55	P	2023-07-30
P55	L	2023-08-28
P55	P	2023-08-28
P55	N	2023-09-05
P55	Y	2023-09-06
P55	U	2023-10-04
P55	L	2023-10-19
P55	B	2023-11-01
P55	C	2023-11-03
P55	X	2023-11-18
P55	B	2023-11-28
P55	Y	2023-12-28
P56	J	2023-01-03
P56	V	2023-01-12
P56	Y	2023-01-23
P56	P	2023-01-26
P56	O	2023-01-29
P56	Z	2023-02-09
P56	B	2023-02-15
P56	G	2023-02-27
P56	K	2023-02-28
P56	G	2023-04-04
P56	G	2023-04-09
P56	W	2023-04-14
P56	C	2023-05-04
P56	D	2023-06-29
P56	L	2023-07-08
P56	T	2023-08-11
P56	M	2023-08-29
P56	F	2023-09-25
P56	Y	2023-09-28
P56	U	2023-10-23
P56	P	2023-10-26
P56	I	2023-11-22
P56	A	2023-11-28
P57	C	2023-01-01
P57	Y	2023-01-01
P57	U	2023-01-12
P57	F	2023-02-10
P57	J	2023-03-10
P57	Q	2023-03-20
P57	N	2023-04-10
P57	V	2023-04-23
P57	L	2023-05-04
P57	I	2023-05-10
P57	U	2023-05-15
P57	V	2023-05-26
P57	K	2023-06-14
P57	L	2023-06-17
P57	T	2023-06-26
P57	G	2023-06-28
P57	L	2023-07-22
P57	L	2023-08-26
P57	S	2023-08-27
P57	B	2023-08-31
P57	U	2023-10-08
P57	Q	2023-10-19
P57	A	2023-10-30
P57	I	2023-11-13
P57	B	2023-12-11
P57	Q	2023-12-15
P57	H	2023-12-22
P57	P	2023-12-30
P58	N	2023-01-15
P58	A	2023-01-16
P58	W	2023-01-21
P58	W	2023-01-22
P58	A	2023-01-25
P58	O	2023-01-28
P58	N	2023-01-30
P58	E	2023-02-06
P58	P	2023-02-23
P58	Z	2023-03-01
P58	Z	2023-03-23
P58	O	2023-04-16
P58	P	2023-05-13
P58	N	2023-06-06
P58	T	2023-06-30
P58	Z	2023-06-30
P58	J	2023-07-23
P58	Z	2023-08-01
P58	H	2023-08-23
P58	M	2023-09-09
P58	Q	2023-09-15
P58	E	2023-09-21
P58	S	2023-10-14
P58	D	2023-11-24
P58	A	2023-12-09
P58	Z	2023-12-13
P58	D	2023-12-22
P59	B	2023-01-03
P59	F	2023-01-14
P59	V	2023-01-26
P59	N	2023-02-02
P59	K	2023-02-19
P59	Y	2023-03-08
P59	H	2023-03-26
P59	B	2023-04-03
P59	G	2023-04-05
P59	F	2023-04-30
P59	H	2023-05-10
P59	V	2023-05-14
P59	A	2023-06-05
P59	F	2023-06-06
P59	S	2023-06-16
P59	A	2023-06-20
P59	V	2023-06-23
P59	J	2023-06-27
P59	Z	2023-08-09
P59	G	2023-08-09
P59	D	2023-08-10
P59	R	2023-08-14
P59	T	2023-08-29
P59	G	2023-09-02
P59	I	2023-09-16
P59	A	2023-09-16
P59	Y	2023-10-06
P59	N	2023-10-15
P59	Z	2023-10-28
P59	O	2023-11-02
P59	L	2023-11-09
P59	O	2023-11-10
P59	O	2023-11-12
P59	F	2023-11-15
P59	V	2023-12-08
P59	W	2023-12-12
P59	J	2023-12-16
P59	V	2023-12-31
P60	Y	2023-01-08
P60	L	2023-01-19
P60	F	2023-01-22
P60	L	2023-01-23
P60	Z	2023-02-21
P60	O	2023-04-01
P60	N	2023-04-06
P60	I	2023-04-07
P60	L	2023-04-15
P60	V	2023-04-22
P60	N	2023-04-23
P60	R	2023-04-28
P60	I	2023-05-09
P60	O	2023-06-04
P60	M	2023-06-10
P60	P	2023-06-27
P60	V	2023-06-30
P60	V	2023-07-18
P60	V	2023-08-09
P60	N	2023-08-13
P60	J	2023-09-06
P60	U	2023-09-24
P60	I	2023-10-24
P60	S	2023-10-31
P60	X	2023-12-25
P61	S	2023-01-15
P61	U	2023-02-22
P61	F	2023-03-19
P61	F	2023-03-27
P61	O	2023-03-29
P61	F	2023-04-21
P61	N	2023-04-23
P61	A	2023-04-25
P61	I	2023-04-28
P61	S	2023-04-30
P61	J	2023-05-03
P61	R	2023-05-17
P61	W	2023-05-27
P61	I	2023-06-05
P61	B	2023-06-06
P61	S	2023-06-11
P61	K	2023-07-06
P61	E	2023-07-08
P61	A	2023-07-12
P61	O	2023-07-19
P61	L	2023-07-28
P61	M	2023-08-02
P61	K	2023-08-14
P61	Y	2023-08-21
P61	B	2023-08-27
P61	Y	2023-09-03
P61	F	2023-09-08
P61	I	2023-09-15
P61	X	2023-09-18
P61	Q	2023-09-23
P61	Q	2023-10-04
P61	Y	2023-10-08
P61	G	2023-10-09
P61	A	2023-11-18
P61	P	2023-11-19
P61	U	2023-12-12
P61	P	2023-12-16
P61	A	2023-12-21
P61	Z	2023-12-23
P61	E	2023-12-31
P61	E	2023-12-31
P62	Z	2023-02-07
P62	G	2023-02-27
P62	O	2023-02-28
P62	R	2023-03-02
P62	N	2023-03-04
P62	B	2023-03-14
P62	T	2023-03-18
P62	P	2023-04-08
P62	W	2023-04-20
P62	W	2023-04-28
P62	T	2023-04-29
P62	I	2023-08-13
P62	H	2023-08-23
P62	O	2023-10-02
P62	J	2023-10-06
P62	S	2023-10-07
P62	H	2023-10-31
P62	G	2023-11-01
P62	E	2023-11-03
P62	R	2023-11-12
P62	G	2023-12-12
P63	R	2023-01-11
P63	K	2023-01-15
P63	I	2023-01-19
P63	V	2023-01-19
P63	H	2023-01-19
P63	M	2023-02-04
P63	K	2023-02-23
P63	Q	2023-02-27
P63	F	2023-03-06
P63	K	2023-03-16
P63	U	2023-03-20
P63	E	2023-03-20
P63	V	2023-03-28
P63	M	2023-04-06
P63	U	2023-05-08
P63	I	2023-05-16
P63	X	2023-05-30
P63	Y	2023-06-07
P63	S	2023-06-14
P63	F	2023-06-15
P63	J	2023-06-19
P63	P	2023-07-06
P63	Q	2023-07-10
P63	A	2023-07-17
P63	A	2023-07-17
P63	L	2023-07-26
P63	Y	2023-08-01
P63	R	2023-08-03
P63	K	2023-08-28
P63	W	2023-09-04
P63	X	2023-09-16
P63	U	2023-10-08
P63	V	2023-10-09
P63	I	2023-10-11
P63	Z	2023-10-13
P63	M	2023-10-27
P63	G	2023-10-29
P63	R	2023-10-30
P63	K	2023-11-12
P63	J	2023-11-13
P63	M	2023-11-14
P63	Q	2023-11-15
P63	A	2023-11-19
P63	A	2023-12-01
P63	T	2023-12-02
P63	H	2023-12-18
P63	L	2023-12-29
P64	Q	2023-01-01
P64	R	2023-01-05
P64	L	2023-01-06
P64	E	2023-01-07
P64	Q	2023-01-18
P64	J	2023-01-27
P64	E	2023-01-29
P64	I	2023-02-25
P64	A	2023-04-02
P64	M	2023-04-02
P64	F	2023-04-02
P64	R	2023-04-29
P64	H	2023-05-14
P64	T	2023-05-20
P64	W	2023-05-26
P64	W	2023-06-04
P64	A	2023-06-06
P64	E	2023-06-11
P64	N	2023-06-13
P64	O	2023-06-30
P64	K	2023-07-06
P64	P	2023-07-08
P64	T	2023-07-31
P64	W	2023-08-06
P64	J	2023-09-08
P64	T	2023-09-15
P64	K	2023-09-18
P64	C	2023-10-04
P64	N	2023-10-05
P64	H	2023-10-13
P64	C	2023-11-12
P64	H	2023-11-14
P64	A	2023-11-23
P64	S	2023-12-07
P64	M	2023-12-31
P65	W	2023-01-01
P65	F	2023-01-01
P65	A	2023-01-02
P65	Z	2023-01-03
P65	M	2023-01-07
P65	T	2023-01-15
P65	H	2023-01-19
P65	Y	2023-02-01
P65	T	2023-03-06
P65	J	2023-03-12
P65	T	2023-03-18
P65	M	2023-03-23
P65	M	2023-03-25
P65	K	2023-05-02
P65	O	2023-05-12
P65	H	2023-05-18
P65	L	2023-05-27
P65	B	2023-06-06
P65	Y	2023-06-11
P65	R	2023-06-18
P65	C	2023-06-24
P65	L	2023-06-26
P65	T	2023-06-30
P65	S	2023-07-02
P65	X	2023-07-04
P65	Q	2023-07-05
P65	N	2023-07-08
P65	J	2023-07-11
P65	P	2023-07-25
P65	R	2023-07-27
P65	T	2023-08-21
P65	J	2023-08-27
P65	G	2023-08-29
P65	S	2023-09-06
P65	J	2023-09-08
P65	Q	2023-09-08
P65	R	2023-09-10
P65	T	2023-09-17
P65	W	2023-10-10
P65	Q	2023-10-24
P65	G	2023-11-04
P65	Q	2023-11-05
P65	R	2023-11-07
P65	Z	2023-11-28
P65	Z	2023-11-28
P65	E	2023-11-30
P65	M	2023-11-30
P65	U	2023-12-01
P66	S	2023-01-03
P66	X	2023-01-12
P66	F	2023-01-22
P66	N	2023-02-14
P66	G	2023-03-05
P66	E	2023-03-07
P66	Y	2023-03-11
P66	A	2023-03-24
P66	U	2023-04-23
P66	L	2023-04-26
P66	V	2023-04-27
P66	Y	2023-05-22
P66	M	2023-05-24
P66	T	2023-06-07
P66	C	2023-06-09
P66	L	2023-06-10
P66	M	2023-06-18
P66	W	2023-06-20
P66	O	2023-06-27
P66	A	2023-07-04
P66	V	2023-07-10
P66	E	2023-07-15
P66	R	2023-07-21
P66	P	2023-07-27
P66	E	2023-08-04
P66	N	2023-08-06
P66	F	2023-08-14
P66	W	2023-08-31
P66	C	2023-09-11
P66	T	2023-09-17
P66	U	2023-09-18
P66	D	2023-09-27
P66	A	2023-09-30
P66	O	2023-09-30
P66	T	2023-09-30
P66	I	2023-10-04
P66	E	2023-10-11
P66	G	2023-10-22
P66	A	2023-11-02
P66	E	2023-11-17
P66	M	2023-11-18
P66	O	2023-11-20
P66	P	2023-12-02
P66	U	2023-12-04
P66	F	2023-12-13
P66	A	2023-12-19
P66	L	2023-12-24
P66	Z	2023-12-24
P67	I	2023-01-12
P67	E	2023-01-13
P67	S	2023-01-29
P67	C	2023-02-08
P67	R	2023-02-13
P67	M	2023-03-08
P67	Z	2023-04-09
P67	B	2023-04-28
P67	K	2023-05-07
P67	L	2023-05-26
P67	Q	2023-06-15
P67	M	2023-06-19
P67	F	2023-06-20
P67	Q	2023-06-20
P67	J	2023-06-30
P67	Y	2023-07-04
P67	U	2023-07-06
P67	T	2023-07-13
P67	D	2023-08-09
P67	T	2023-08-18
P67	O	2023-09-05
P67	A	2023-09-10
P67	M	2023-09-16
P67	W	2023-09-26
P67	B	2023-09-28
P67	R	2023-09-29
P67	K	2023-10-04
P67	R	2023-10-04
P67	G	2023-10-22
P67	B	2023-10-24
P67	E	2023-11-01
P67	M	2023-11-15
P67	I	2023-11-18
P67	P	2023-11-19
P67	E	2023-11-21
P67	O	2023-11-29
P67	F	2023-12-09
P67	L	2023-12-31
P68	Q	2023-01-09
P68	Y	2023-01-15
P68	B	2023-01-17
P68	A	2023-01-17
P68	Y	2023-01-27
P68	Q	2023-02-02
P68	A	2023-02-11
P68	P	2023-02-13
P68	H	2023-02-14
P68	L	2023-02-21
P68	N	2023-04-08
P68	E	2023-04-27
P68	R	2023-04-29
P68	P	2023-05-04
P68	X	2023-05-10
P68	R	2023-05-10
P68	Z	2023-05-12
P68	V	2023-06-01
P68	G	2023-06-05
P68	Y	2023-07-02
P68	S	2023-08-01
P68	C	2023-08-04
P68	S	2023-09-11
P68	O	2023-10-06
P68	E	2023-10-06
P68	T	2023-11-01
P68	R	2023-11-01
P68	V	2023-11-05
P68	V	2023-11-05
P68	R	2023-11-09
P68	H	2023-11-09
P68	E	2023-11-15
P68	Z	2023-11-19
P68	L	2023-12-10
P68	O	2023-12-13
P68	D	2023-12-26
P69	Y	2023-01-13
P69	N	2023-01-22
P69	Y	2023-04-01
P69	A	2023-05-09
P69	B	2023-05-30
P69	Y	2023-05-30
P69	S	2023-06-09
P69	Y	2023-06-26
P69	U	2023-07-02
P69	N	2023-07-13
P69	O	2023-07-23
P69	U	2023-08-21
P69	F	2023-09-08
P69	X	2023-09-13
P69	R	2023-09-14
P69	C	2023-09-26
P69	W	2023-10-04
P69	Z	2023-10-24
P69	W	2023-10-25
P69	R	2023-10-30
P69	Q	2023-11-03
P69	S	2023-11-09
P69	Y	2023-11-11
P69	V	2023-11-18
P69	G	2023-11-21
P69	X	2023-12-13
P69	O	2023-12-13
P69	U	2023-12-16
P70	Q	2023-01-13
P70	Y	2023-01-18
P70	T	2023-01-20
P70	T	2023-02-06
P70	M	2023-02-20
P70	Z	2023-03-14
P70	N	2023-03-18
P70	A	2023-04-04
P70	X	2023-04-07
P70	R	2023-04-12
P70	A	2023-04-18
P70	Q	2023-04-22
P70	P	2023-04-29
P70	Q	2023-05-01
P70	J	2023-05-01
P70	D	2023-05-08
P70	G	2023-05-12
P70	W	2023-06-11
P70	H	2023-06-25
P70	K	2023-06-28
P70	L	2023-07-01
P70	C	2023-07-12
P70	H	2023-07-16
P70	I	2023-07-20
P70	H	2023-07-20
P70	X	2023-07-31
P70	O	2023-08-07
P70	N	2023-08-20
P70	Q	2023-08-25
P70	E	2023-09-05
P70	T	2023-09-07
P70	S	2023-09-15
P70	W	2023-09-16
P70	V	2023-09-24
P70	U	2023-09-25
P70	D	2023-09-27
P70	K	2023-09-28
P70	E	2023-09-30
P70	R	2023-11-02
P70	J	2023-11-05
P70	M	2023-11-06
P70	X	2023-11-28
P70	I	2023-12-02
P70	F	2023-12-10
P70	H	2023-12-21
P71	R	2023-01-03
P71	I	2023-01-06
P71	P	2023-01-07
P71	H	2023-01-08
P71	R	2023-01-08
P71	R	2023-01-28
P71	F	2023-02-13
P71	U	2023-04-01
P71	O	2023-04-08
P71	Z	2023-04-10
P71	L	2023-04-30
P71	G	2023-06-03
P71	H	2023-07-07
P71	T	2023-08-18
P71	Q	2023-08-26
P71	R	2023-08-28
P71	D	2023-09-04
P71	F	2023-09-07
P71	D	2023-10-01
P71	B	2023-10-10
P71	B	2023-10-17
P71	S	2023-11-04
P71	M	2023-12-10
P71	C	2023-12-30
P72	V	2023-01-03
P72	V	2023-01-18
P72	W	2023-01-23
P72	G	2023-01-24
P72	C	2023-01-30
P72	C	2023-02-05
P72	B	2023-03-08
P72	X	2023-03-09
P72	C	2023-03-22
P72	M	2023-04-01
P72	W	2023-04-05
P72	D	2023-05-15
P72	U	2023-05-26
P72	R	2023-07-02
P72	T	2023-07-18
P72	Y	2023-08-11
P72	X	2023-08-17
P72	D	2023-10-03
P72	Z	2023-11-05
P72	Q	2023-11-08
P72	Z	2023-11-14
P72	W	2023-11-15
P72	T	2023-12-05
P72	F	2023-12-11
P73	Z	2023-01-01
P73	F	2023-01-25
P73	M	2023-02-22
P73	B	2023-03-18
P73	U	2023-03-27
P73	W	2023-04-20
P73	P	2023-04-20
P73	J	2023-04-28
P73	P	2023-05-26
P73	B	2023-05-28
P73	N	2023-05-29
P73	V	2023-06-02
P73	V	2023-06-06
P73	L	2023-06-09
P73	U	2023-06-21
P73	K	2023-06-24
P73	Y	2023-07-12
P73	I	2023-07-15
P73	X	2023-07-16
P73	E	2023-07-23
P73	T	2023-07-30
P73	W	2023-08-09
P73	S	2023-08-15
P73	A	2023-09-01
P73	S	2023-09-04
P73	C	2023-09-16
P73	J	2023-09-17
P73	D	2023-09-17
P73	I	2023-09-28
P73	J	2023-10-05
P73	L	2023-10-12
P73	V	2023-10-30
P73	Z	2023-11-09
P73	M	2023-11-22
P73	T	2023-12-06
P73	A	2023-12-10
P73	U	2023-12-13
P73	X	2023-12-28
P74	F	2023-01-02
P74	E	2023-01-15
P74	L	2023-02-01
P74	A	2023-02-05
P74	K	2023-03-21
P74	U	2023-04-19
P74	H	2023-04-21
P74	J	2023-04-30
P74	Q	2023-05-01
P74	K	2023-05-04
P74	P	2023-05-12
P74	F	2023-05-14
P74	A	2023-05-31
P74	K	2023-07-09
P74	S	2023-07-12
P74	T	2023-07-20
P74	Y	2023-08-05
P74	O	2023-08-15
P74	M	2023-08-21
P74	W	2023-08-21
P74	F	2023-08-27
P74	I	2023-08-30
P74	I	2023-10-13
P74	H	2023-10-13
P74	H	2023-10-15
P74	E	2023-10-16
P74	L	2023-10-27
P74	C	2023-10-28
P74	R	2023-11-07
P74	B	2023-11-14
P74	A	2023-11-25
P74	R	2023-12-07
P74	J	2023-12-23
P74	N	2023-12-23
P75	Y	2023-01-07
P75	J	2023-01-23
P75	S	2023-02-19
P75	L	2023-02-21
P75	C	2023-02-27
P75	T	2023-03-04
P75	Z	2023-03-20
P75	K	2023-04-09
P75	S	2023-04-12
P75	M	2023-04-14
P75	J	2023-05-22
P75	F	2023-06-13
P75	V	2023-08-27
P75	K	2023-09-17
P75	E	2023-10-03
P75	D	2023-10-09
P75	E	2023-11-06
P75	J	2023-11-10
P75	Q	2023-11-21
P75	W	2023-12-10
P75	G	2023-12-28
P76	V	2023-01-08
P76	N	2023-01-08
P76	V	2023-01-20
P76	I	2023-01-23
P76	U	2023-02-06
P76	V	2023-02-09
P76	H	2023-02-12
P76	D	2023-03-06
P76	D	2023-03-16
P76	S	2023-04-04
P76	C	2023-04-14
P76	K	2023-04-20
P76	A	2023-04-21
P76	V	2023-05-01
P76	H	2023-05-14
P76	V	2023-05-16
P76	F	2023-05-19
P76	Q	2023-05-22
P76	C	2023-05-28
P76	G	2023-05-30
P76	L	2023-05-31
P76	V	2023-06-02
P76	H	2023-06-11
P76	J	2023-06-18
P76	O	2023-06-22
P76	F	2023-06-25
P76	P	2023-06-29
P76	L	2023-07-09
P76	R	2023-08-03
P76	Q	2023-08-07
P76	Z	2023-08-07
P76	Q	2023-08-12
P76	S	2023-08-14
P76	V	2023-08-30
P76	O	2023-09-11
P76	R	2023-09-14
P76	H	2023-09-22
P76	Z	2023-09-25
P76	A	2023-09-27
P76	C	2023-09-30
P76	U	2023-10-03
P76	O	2023-10-05
P76	H	2023-10-23
P76	E	2023-11-11
P76	T	2023-11-30
P76	X	2023-12-02
P76	G	2023-12-22
P77	C	2023-01-05
P77	Q	2023-01-13
P77	X	2023-01-25
P77	E	2023-01-31
P77	M	2023-02-03
P77	R	2023-02-12
P77	I	2023-02-21
P77	Z	2023-03-24
P77	V	2023-03-26
P77	S	2023-03-29
P77	G	2023-04-27
P77	Z	2023-05-03
P77	X	2023-05-07
P77	R	2023-05-08
P77	P	2023-05-15
P77	E	2023-05-20
P77	Q	2023-05-28
P77	V	2023-06-05
P77	G	2023-06-09
P77	K	2023-06-11
P77	J	2023-06-24
P77	Y	2023-07-08
P77	L	2023-07-20
P77	S	2023-07-27
P77	B	2023-08-07
P77	F	2023-08-11
P77	F	2023-08-17
P77	H	2023-08-24
P77	I	2023-08-27
P77	V	2023-09-04
P77	M	2023-09-12
P77	O	2023-09-16
P77	H	2023-09-17
P77	W	2023-10-11
P77	A	2023-10-29
P77	H	2023-11-01
P77	O	2023-11-02
P77	S	2023-11-07
P77	V	2023-11-16
P77	S	2023-11-17
P77	Z	2023-11-20
P77	E	2023-11-24
P77	E	2023-11-27
P77	S	2023-12-03
P77	X	2023-12-14
P77	V	2023-12-14
P77	U	2023-12-19
P78	F	2023-01-04
P78	S	2023-01-25
P78	U	2023-01-26
P78	Z	2023-01-30
P78	Z	2023-02-22
P78	G	2023-02-25
P78	A	2023-03-05
P78	U	2023-03-21
P78	G	2023-03-28
P78	Z	2023-04-12
P78	P	2023-04-13
P78	P	2023-05-07
P78	M	2023-05-21
P78	C	2023-06-12
P78	A	2023-06-24
P78	Z	2023-06-25
P78	O	2023-06-29
P78	Q	2023-07-11
P78	I	2023-08-11
P78	E	2023-08-18
P78	Y	2023-08-24
P78	N	2023-09-04
P78	K	2023-09-13
P78	L	2023-10-07
P78	S	2023-10-24
P78	X	2023-10-31
P78	A	2023-11-20
P78	O	2023-12-08
P78	F	2023-12-09
P78	U	2023-12-14
P78	C	2023-12-28
P79	C	2023-01-01
P79	G	2023-02-03
P79	H	2023-02-22
P79	T	2023-02-27
P79	I	2023-03-01
P79	O	2023-03-11
P79	L	2023-03-17
P79	L	2023-03-20
P79	J	2023-05-05
P79	U	2023-05-06
P79	T	2023-05-25
P79	Z	2023-06-06
P79	S	2023-06-12
P79	B	2023-06-21
P79	X	2023-07-15
P79	T	2023-07-17
P79	Y	2023-08-04
P79	T	2023-08-19
P79	T	2023-09-22
P79	P	2023-10-24
P79	I	2023-11-17
P79	U	2023-11-25
P79	V	2023-12-10
P80	M	2023-01-13
P80	L	2023-01-14
P80	Y	2023-02-05
P80	R	2023-02-26
P80	S	2023-03-12
P80	X	2023-03-14
P80	M	2023-03-22
P80	D	2023-04-01
P80	S	2023-04-05
P80	U	2023-04-06
P80	S	2023-05-25
P80	N	2023-05-31
P80	M	2023-06-21
P80	S	2023-06-29
P80	M	2023-08-13
P80	C	2023-08-22
P80	M	2023-09-24
P80	J	2023-09-26
P80	U	2023-10-09
P80	X	2023-10-13
P80	O	2023-10-29
P80	Z	2023-11-05
P80	N	2023-11-08
P81	B	2023-01-13
P81	Z	2023-01-22
P81	G	2023-01-25
P81	W	2023-02-07
P81	U	2023-02-08
P81	Q	2023-02-09
P81	Q	2023-02-12
P81	M	2023-02-14
P81	O	2023-02-27
P81	M	2023-03-11
P81	N	2023-03-13
P81	Q	2023-03-14
P81	W	2023-04-05
P81	F	2023-04-23
P81	N	2023-04-24
P81	O	2023-04-28
P81	F	2023-04-28
P81	L	2023-06-16
P81	K	2023-06-16
P81	R	2023-06-16
P81	L	2023-06-17
P81	C	2023-06-24
P81	L	2023-06-27
P81	A	2023-07-13
P81	U	2023-07-19
P81	P	2023-07-23
P81	N	2023-07-27
P81	F	2023-08-01
P81	R	2023-08-04
P81	Z	2023-08-11
P81	W	2023-08-19
P81	L	2023-08-21
P81	R	2023-08-27
P81	S	2023-08-31
P81	G	2023-09-07
P81	V	2023-09-30
P81	K	2023-10-10
P81	J	2023-11-03
P81	A	2023-11-15
P81	T	2023-11-30
P81	M	2023-12-04
P81	I	2023-12-15
P82	A	2023-01-06
P82	Z	2023-01-16
P82	U	2023-02-06
P82	V	2023-02-07
P82	S	2023-02-13
P82	E	2023-02-14
P82	N	2023-02-21
P82	C	2023-03-17
P82	U	2023-03-24
P82	N	2023-03-27
P82	K	2023-04-06
P82	C	2023-05-06
P82	D	2023-05-07
P82	S	2023-05-12
P82	P	2023-05-22
P82	W	2023-06-03
P82	Z	2023-06-05
P82	T	2023-06-05
P82	U	2023-06-06
P82	M	2023-06-06
P82	N	2023-06-17
P82	V	2023-06-22
P82	O	2023-07-01
P82	Z	2023-07-14
P82	X	2023-07-23
P82	I	2023-07-28
P82	B	2023-08-20
P82	U	2023-08-20
P82	M	2023-08-22
P82	H	2023-08-23
P82	L	2023-08-26
P82	S	2023-09-24
P82	V	2023-09-28
P82	S	2023-10-21
P82	R	2023-10-30
P82	M	2023-11-01
P82	P	2023-11-04
P82	Y	2023-11-05
P82	O	2023-11-15
P82	A	2023-11-15
P82	C	2023-11-15
P82	G	2023-11-22
P82	Z	2023-11-26
P82	A	2023-11-28
P82	W	2023-12-08
P82	G	2023-12-15
P82	J	2023-12-16
P83	V	2023-01-04
P83	U	2023-01-23
P83	H	2023-01-29
P83	X	2023-01-31
P83	L	2023-02-04
P83	I	2023-02-11
P83	I	2023-02-15
P83	T	2023-02-28
P83	L	2023-03-07
P83	R	2023-03-09
P83	T	2023-03-22
P83	G	2023-04-03
P83	Q	2023-04-09
P83	A	2023-04-19
P83	I	2023-04-24
P83	N	2023-05-05
P83	U	2023-05-13
P83	P	2023-05-27
P83	I	2023-06-11
P83	H	2023-06-13
P83	D	2023-06-14
P83	V	2023-06-17
P83	P	2023-06-17
P83	T	2023-07-08
P83	N	2023-07-10
P83	A	2023-07-11
P83	D	2023-07-21
P83	L	2023-07-26
P83	G	2023-08-03
P83	G	2023-08-10
P83	B	2023-08-13
P83	K	2023-08-17
P83	E	2023-08-20
P83	O	2023-08-23
P83	W	2023-09-07
P83	Z	2023-09-18
P83	B	2023-09-29
P83	C	2023-10-21
P83	Q	2023-10-24
P83	P	2023-11-15
P83	U	2023-11-20
P83	G	2023-11-30
P83	O	2023-12-02
P83	P	2023-12-18
P84	F	2023-01-05
P84	R	2023-01-13
P84	I	2023-01-25
P84	C	2023-02-08
P84	I	2023-02-12
P84	O	2023-02-14
P84	Q	2023-02-14
P84	E	2023-02-20
P84	F	2023-02-22
P84	W	2023-02-26
P84	F	2023-03-06
P84	P	2023-03-14
P84	E	2023-03-15
P84	I	2023-03-22
P84	X	2023-04-02
P84	I	2023-04-03
P84	W	2023-04-06
P84	K	2023-04-08
P84	A	2023-04-09
P84	O	2023-04-18
P84	W	2023-04-20
P84	F	2023-04-27
P84	G	2023-05-18
P84	W	2023-05-19
P84	T	2023-05-20
P84	R	2023-05-31
P84	L	2023-06-04
P84	T	2023-06-07
P84	R	2023-06-17
P84	B	2023-06-26
P84	J	2023-06-27
P84	S	2023-06-29
P84	N	2023-07-03
P84	B	2023-07-06
P84	I	2023-07-07
P84	D	2023-07-12
P84	V	2023-08-24
P84	O	2023-08-25
P84	W	2023-08-29
P84	X	2023-10-18
P84	G	2023-10-19
P84	C	2023-11-18
P84	N	2023-11-26
P84	N	2023-11-27
P84	G	2023-12-04
P84	Z	2023-12-20
P84	E	2023-12-21
P85	N	2023-01-17
P85	K	2023-01-26
P85	F	2023-02-04
P85	H	2023-02-20
P85	Q	2023-03-12
P85	Y	2023-04-04
P85	N	2023-04-08
P85	U	2023-04-14
P85	O	2023-05-09
P85	K	2023-05-09
P85	P	2023-05-21
P85	W	2023-06-03
P85	W	2023-06-05
P85	B	2023-06-07
P85	U	2023-06-11
P85	H	2023-06-19
P85	R	2023-06-29
P85	A	2023-07-04
P85	Y	2023-07-17
P85	F	2023-07-19
P85	M	2023-07-20
P85	B	2023-07-25
P85	J	2023-08-16
P85	R	2023-08-18
P85	I	2023-08-19
P85	E	2023-09-16
P85	K	2023-09-19
P85	Y	2023-10-01
P85	Q	2023-10-11
P85	U	2023-10-12
P85	T	2023-10-24
P85	X	2023-11-01
P85	E	2023-11-07
P85	K	2023-11-09
P85	R	2023-11-10
P85	F	2023-11-13
P85	F	2023-11-15
P85	W	2023-11-19
P85	N	2023-12-29
P86	R	2023-01-01
P86	B	2023-01-06
P86	H	2023-01-12
P86	W	2023-01-14
P86	L	2023-01-16
P86	A	2023-01-18
P86	S	2023-01-18
P86	H	2023-02-06
P86	E	2023-02-19
P86	I	2023-02-22
P86	S	2023-02-24
P86	E	2023-05-05
P86	P	2023-05-16
P86	U	2023-05-30
P86	C	2023-06-10
P86	P	2023-06-18
P86	Z	2023-07-04
P86	N	2023-07-24
P86	I	2023-07-24
P86	O	2023-08-08
P86	K	2023-08-13
P86	E	2023-08-24
P86	N	2023-09-08
P86	U	2023-09-22
P86	N	2023-09-24
P86	M	2023-09-26
P86	H	2023-10-01
P86	Q	2023-10-11
P86	B	2023-10-13
P86	P	2023-10-24
P86	I	2023-10-31
P86	N	2023-11-06
P86	O	2023-11-10
P86	H	2023-11-19
P86	H	2023-11-21
P86	W	2023-12-07
P86	V	2023-12-09
P86	L	2023-12-31
P87	I	2023-01-23
P87	U	2023-01-24
P87	K	2023-02-02
P87	S	2023-02-23
P87	Y	2023-02-26
P87	F	2023-03-18
P87	G	2023-03-21
P87	G	2023-04-21
P87	N	2023-05-11
P87	W	2023-05-20
P87	L	2023-05-21
P87	J	2023-05-25
P87	Q	2023-06-01
P87	V	2023-06-21
P87	X	2023-06-23
P87	M	2023-07-10
P87	R	2023-07-23
P87	D	2023-07-28
P87	W	2023-07-28
P87	N	2023-07-31
P87	L	2023-08-13
P87	X	2023-08-13
P87	X	2023-09-25
P87	F	2023-10-07
P87	M	2023-10-11
P87	U	2023-10-12
P87	I	2023-10-19
P87	J	2023-10-25
P87	F	2023-11-05
P87	A	2023-11-13
P87	I	2023-11-19
P87	L	2023-11-27
P87	S	2023-12-02
P87	Y	2023-12-12
P87	R	2023-12-15
P88	O	2023-01-02
P88	M	2023-01-20
P88	W	2023-02-21
P88	A	2023-03-02
P88	T	2023-03-16
P88	T	2023-03-21
P88	M	2023-03-28
P88	Q	2023-04-02
P88	T	2023-04-09
P88	V	2023-04-11
P88	Z	2023-04-15
P88	A	2023-04-16
P88	B	2023-04-25
P88	A	2023-04-26
P88	N	2023-04-27
P88	A	2023-05-06
P88	A	2023-05-20
P88	K	2023-05-29
P88	F	2023-06-11
P88	C	2023-06-14
P88	K	2023-07-03
P88	E	2023-07-11
P88	J	2023-07-12
P88	A	2023-07-30
P88	M	2023-07-31
P88	F	2023-08-23
P88	W	2023-09-21
P88	R	2023-10-05
P88	U	2023-10-07
P88	C	2023-10-15
P88	T	2023-11-11
P88	X	2023-11-21
P88	E	2023-11-27
P88	W	2023-12-06
P89	E	2023-01-20
P89	Y	2023-01-29
P89	N	2023-01-30
P89	G	2023-03-05
P89	C	2023-03-31
P89	Q	2023-04-10
P89	B	2023-04-23
P89	F	2023-04-24
P89	Q	2023-05-10
P89	H	2023-05-29
P89	M	2023-06-07
P89	Z	2023-06-10
P89	N	2023-06-28
P89	K	2023-07-18
P89	Z	2023-07-21
P89	K	2023-08-06
P89	W	2023-08-15
P89	U	2023-08-27
P89	U	2023-10-01
P89	A	2023-10-02
P89	I	2023-10-27
P89	X	2023-10-30
P89	H	2023-11-06
P89	P	2023-11-11
P89	E	2023-11-15
P89	C	2023-11-16
P89	I	2023-12-01
P89	G	2023-12-15
P89	S	2023-12-16
P89	F	2023-12-18
P89	M	2023-12-22
P89	F	2023-12-26
P90	Y	2023-01-04
P90	O	2023-01-22
P90	A	2023-01-23
P90	K	2023-01-25
P90	X	2023-03-09
P90	H	2023-03-11
P90	E	2023-04-08
P90	F	2023-04-29
P90	Z	2023-06-01
P90	M	2023-06-23
P90	P	2023-07-13
P90	Y	2023-07-15
P90	M	2023-07-24
P90	X	2023-08-01
P90	M	2023-08-16
P90	O	2023-08-31
P90	X	2023-09-01
P90	U	2023-09-20
P90	K	2023-09-30
P90	A	2023-10-02
P90	C	2023-10-04
P90	C	2023-10-20
P90	N	2023-10-23
P90	L	2023-10-28
P90	F	2023-11-07
P90	K	2023-12-21
P91	Q	2023-01-02
P91	E	2023-01-18
P91	L	2023-01-25
P91	H	2023-01-26
P91	M	2023-02-09
P91	R	2023-03-05
P91	A	2023-03-12
P91	F	2023-03-26
P91	C	2023-05-24
P91	Y	2023-05-24
P91	M	2023-06-01
P91	C	2023-06-05
P91	Q	2023-06-09
P91	P	2023-06-15
P91	E	2023-07-01
P91	E	2023-07-14
P91	V	2023-07-15
P91	F	2023-07-17
P91	A	2023-08-01
P91	Q	2023-08-02
P91	H	2023-08-18
P91	B	2023-09-08
P91	U	2023-09-10
P91	S	2023-09-11
P91	G	2023-09-15
P91	V	2023-09-17
P91	E	2023-09-17
P91	H	2023-09-18
P91	U	2023-09-30
P91	G	2023-10-02
P91	B	2023-10-04
P91	X	2023-10-07
P91	O	2023-11-09
P91	A	2023-12-02
P91	W	2023-12-03
P91	Z	2023-12-20
P91	F	2023-12-24
P91	H	2023-12-25
P92	Y	2023-01-02
P92	S	2023-02-02
P92	H	2023-02-11
P92	T	2023-02-20
P92	O	2023-03-03
P92	O	2023-03-04
P92	L	2023-03-09
P92	M	2023-03-25
P92	B	2023-04-06
P92	W	2023-04-09
P92	W	2023-04-26
P92	W	2023-06-28
P92	X	2023-07-15
P92	K	2023-08-01
P92	G	2023-08-06
P92	L	2023-08-14
P92	T	2023-09-13
P92	K	2023-09-22
P92	R	2023-12-08
P92	M	2023-12-22
P93	U	2023-01-07
P93	C	2023-01-16
P93	G	2023-01-21
P93	D	2023-01-27
P93	Y	2023-02-05
P93	K	2023-02-21
P93	X	2023-03-15
P93	K	2023-03-16
P93	Q	2023-03-17
P93	U	2023-03-19
P93	B	2023-04-06
P93	C	2023-04-17
P93	E	2023-04-25
P93	N	2023-05-01
P93	J	2023-05-02
P93	N	2023-05-03
P93	N	2023-05-14
P93	Q	2023-05-28
P93	S	2023-05-30
P93	Q	2023-06-20
P93	F	2023-06-28
P93	F	2023-07-22
P93	Y	2023-08-20
P93	L	2023-08-25
P93	W	2023-08-25
P93	X	2023-08-28
P93	H	2023-08-29
P93	G	2023-09-22
P93	R	2023-09-25
P93	M	2023-10-07
P93	G	2023-10-09
P93	E	2023-10-10
P93	L	2023-10-23
P93	B	2023-10-25
P93	U	2023-11-08
P93	G	2023-11-21
P93	A	2023-11-26
P93	M	2023-12-11
P93	I	2023-12-20
P93	Z	2023-12-25
P94	G	2023-01-20
P94	N	2023-01-23
P94	Q	2023-01-24
P94	O	2023-01-28
P94	R	2023-01-31
P94	D	2023-02-22
P94	A	2023-02-24
P94	D	2023-02-27
P94	H	2023-03-10
P94	M	2023-03-11
P94	M	2023-03-21
P94	W	2023-03-28
P94	O	2023-04-05
P94	R	2023-04-21
P94	T	2023-04-27
P94	K	2023-06-06
P94	V	2023-06-10
P94	U	2023-06-10
P94	J	2023-06-10
P94	N	2023-06-15
P94	S	2023-06-26
P94	K	2023-07-08
P94	L	2023-07-23
P94	Z	2023-07-26
P94	Q	2023-08-13
P94	P	2023-08-16
P94	B	2023-08-25
P94	S	2023-08-28
P94	D	2023-08-30
P94	U	2023-09-12
P94	H	2023-09-20
P94	A	2023-09-21
P94	G	2023-09-22
P94	R	2023-09-25
P94	Y	2023-09-26
P94	E	2023-10-01
P94	I	2023-10-05
P94	R	2023-10-10
P94	N	2023-10-23
P94	L	2023-10-25
P94	W	2023-11-06
P94	G	2023-11-12
P94	H	2023-11-16
P94	A	2023-11-22
P94	I	2023-11-28
P94	I	2023-12-01
P94	P	2023-12-25
P95	U	2023-01-03
P95	Y	2023-01-03
P95	T	2023-01-06
P95	U	2023-01-21
P95	K	2023-02-01
P95	I	2023-02-23
P95	E	2023-02-24
P95	A	2023-02-25
P95	V	2023-03-01
P95	W	2023-03-02
P95	C	2023-03-05
P95	K	2023-03-26
P95	V	2023-04-13
P95	E	2023-05-22
P95	E	2023-07-01
P95	J	2023-07-17
P95	D	2023-07-27
P95	I	2023-08-07
P95	Q	2023-08-15
P95	Z	2023-08-16
P95	V	2023-09-09
P95	Q	2023-09-15
P95	Z	2023-10-07
P95	Q	2023-10-23
P95	X	2023-10-31
P95	N	2023-11-28
P95	F	2023-12-06
P95	R	2023-12-06
P95	F	2023-12-14
P95	V	2023-12-19
P96	G	2023-01-15
P96	W	2023-01-23
P96	K	2023-02-10
P96	Q	2023-02-21
P96	F	2023-02-26
P96	Z	2023-03-02
P96	O	2023-03-05
P96	Q	2023-03-07
P96	G	2023-03-16
P96	M	2023-03-29
P96	L	2023-04-05
P96	Y	2023-04-10
P96	V	2023-04-14
P96	K	2023-04-18
P96	H	2023-04-25
P96	D	2023-04-26
P96	P	2023-05-07
P96	G	2023-05-12
P96	P	2023-05-14
P96	Q	2023-05-15
P96	T	2023-05-17
P96	S	2023-05-18
P96	M	2023-05-30
P96	F	2023-06-13
P96	F	2023-06-14
P96	P	2023-06-18
P96	Q	2023-07-05
P96	I	2023-07-13
P96	B	2023-07-29
P96	F	2023-07-30
P96	N	2023-09-11
P96	S	2023-09-22
P96	M	2023-10-04
P96	S	2023-10-07
P96	B	2023-11-13
P96	M	2023-11-27
P96	B	2023-12-24
P96	W	2023-12-29
P97	U	2023-01-10
P97	Z	2023-01-26
P97	R	2023-02-04
P97	B	2023-02-09
P97	S	2023-02-18
P97	W	2023-03-10
P97	H	2023-04-24
P97	E	2023-05-11
P97	B	2023-05-30
P97	V	2023-07-20
P97	W	2023-07-28
P97	E	2023-08-15
P97	W	2023-09-30
P97	V	2023-10-21
P97	I	2023-10-25
P97	L	2023-11-02
P97	Q	2023-11-13
P97	T	2023-11-16
P97	A	2023-11-17
P97	S	2023-11-19
P97	J	2023-11-22
P97	J	2023-11-22
P98	W	2023-01-09
P98	W	2023-01-22
P98	E	2023-02-01
P98	V	2023-02-22
P98	W	2023-02-23
P98	P	2023-03-06
P98	X	2023-03-09
P98	K	2023-03-25
P98	W	2023-03-28
P98	Z	2023-03-28
P98	V	2023-04-19
P98	O	2023-05-07
P98	B	2023-05-21
P98	G	2023-06-13
P98	H	2023-06-26
P98	V	2023-07-24
P98	Q	2023-08-20
P98	D	2023-09-06
P98	U	2023-10-16
P98	H	2023-10-16
P98	D	2023-10-19
P98	W	2023-10-20
P98	A	2023-10-31
P98	P	2023-11-03
P98	F	2023-11-10
P98	C	2023-11-15
P98	L	2023-11-15
P98	L	2023-11-18
P98	W	2023-11-23
P99	K	2023-01-04
P99	V	2023-01-06
P99	L	2023-01-07
P99	E	2023-01-24
P99	C	2023-02-24
P99	A	2023-03-03
P99	Q	2023-03-03
P99	G	2023-03-17
P99	D	2023-03-19
P99	M	2023-03-20
P99	T	2023-04-16
P99	K	2023-04-28
P99	Z	2023-05-11
P99	E	2023-05-14
P99	G	2023-05-22
P99	S	2023-05-24
P99	S	2023-06-02
P99	I	2023-06-03
P99	N	2023-06-05
P99	X	2023-07-04
P99	U	2023-07-16
P99	U	2023-07-19
P99	J	2023-07-22
P99	V	2023-08-14
P99	H	2023-08-30
P99	S	2023-08-31
P99	I	2023-09-11
P99	O	2023-09-15
P99	H	2023-09-28
P99	L	2023-09-28
P99	P	2023-09-30
P99	K	2023-10-29
P99	B	2023-11-12
P99	P	2023-11-12
P99	Q	2023-11-17
P99	C	2023-11-18
P99	V	2023-12-08
P99	Q	2023-12-20
